component,action,start,end,duration,status
pickplace,move_to_home_initial,1779779367.3085234,1779779373.831978,6.523444890975952,ok
pickplace,conveyor_belt_running_until_object_detected,1779779373.841978,1779779374.4912522,0.6492726802825928,ok
pickplace,gripper_open,1779779374.4921398,1779779377.5021775,3.010031223297119,ok
pickplace,move_to_pick,1779779377.5027637,1779779384.6829393,7.180169582366943,ok
pickplace,gripper_close,1779779384.6835594,1779779387.6920567,3.008490800857544,ok
pickplace,move_to_color_sensor,1779779387.6926303,1779779396.7321732,9.03953742980957,ok
pickplace,gripper_open,1779779396.7327821,1779779399.7424686,3.0096805095672607,ok
pickplace,move_to_home_final,1779779399.7430553,1779779408.7820122,9.038954257965088,ok
pickplace,gripper_close,1779779408.7823503,1779779411.7914484,3.009089231491089,ok
controller,pickplace_total,1779779367.2463157,1779779411.8652704,44.61894941329956,ok
controller,colorsensor_total,1779779411.8659601,1779779412.280399,0.414442777633667,ok
sorter,move_to_home_initial,1779779412.3248565,1779779418.8480968,6.523231506347656,ok
sorter,gripper_open,1779779419.1196795,1779779422.128302,3.008620262145996,ok
sorter,move_to_color_sensor,1779779422.1288764,1779779428.6485698,6.519686460494995,ok
sorter,gripper_close,1779779428.6492205,1779779431.6583226,3.009096384048462,ok
sorter,throwing_block,1779779431.6589084,1779779442.192258,10.533343315124512,ok
sorter,gripper_close,1779779442.1928701,1779779445.1983466,3.0054733753204346,ok
sorter,move_to_home_final,1779779445.1988,1779779454.2279904,9.029187679290771,ok
controller,sorter_total,1779779412.2812207,1779779454.2783563,41.99713945388794,ok
pickplace,move_to_home_initial,1779779454.3352463,1779779460.8617477,6.526496410369873,ok
pickplace,conveyor_belt_running_until_object_detected,1779779460.870527,1779779461.5127447,0.6422183513641357,ok
pickplace,gripper_open,1779779461.5132315,1779779464.5214894,3.0082530975341797,ok
pickplace,move_to_pick,1779779464.5218904,1779779471.0417862,6.519886493682861,ok
pickplace,gripper_close,1779779471.042376,1779779474.051081,3.0086987018585205,ok
pickplace,move_to_color_sensor,1779779474.0516686,1779779483.091277,9.03960108757019,ok
pickplace,gripper_open,1779779483.0918717,1779779486.1016116,3.009735345840454,ok
pickplace,move_to_home_final,1779779486.1021934,1779779495.1415975,9.039397239685059,ok
pickplace,gripper_close,1779779495.1422021,1779779498.1508155,3.008606195449829,ok
controller,pickplace_total,1779779454.2786345,1779779498.2253509,43.94671177864075,ok
controller,colorsensor_total,1779779498.225902,1779779498.6440217,0.4181201457977295,ok
sorter,move_to_home_initial,1779779498.6865895,1779779505.2072704,6.520674467086792,ok
sorter,gripper_open,1779779505.2078578,1779779508.2176638,3.009799003601074,ok
sorter,move_to_color_sensor,1779779508.2182553,1779779514.7384384,6.5201804637908936,ok
sorter,gripper_close,1779779514.7390304,1779779517.747421,3.008388042449951,ok
sorter,throwing_block,1779779517.7479835,1779779528.2812812,10.533296346664429,ok
sorter,gripper_close,1779779528.28161,1779779531.2871606,3.0055413246154785,ok
sorter,move_to_home_final,1779779531.2877462,1779779540.3177402,9.029988527297974,ok
controller,sorter_total,1779779498.6447525,1779779540.3870025,41.74225211143494,ok
pickplace,move_to_home_initial,1779779540.429289,1779779546.9503274,6.5210301876068115,ok
pickplace,conveyor_belt_running_until_object_detected,1779779546.9603207,1779779547.8201506,0.8598270416259766,ok
pickplace,gripper_open,1779779547.8209963,1779779550.8305507,3.0095489025115967,ok
pickplace,move_to_pick,1779779550.8311734,1779779557.3612232,6.530045032501221,ok
pickplace,gripper_close,1779779557.361807,1779779560.3702712,3.0084569454193115,ok
pickplace,move_to_color_sensor,1779779560.3708682,1779779569.4104738,9.03959846496582,ok
pickplace,gripper_open,1779779569.4110727,1779779572.4207847,3.009705066680908,ok
pickplace,move_to_home_final,1779779572.4214318,1779779581.4606442,9.03920841217041,ok
pickplace,gripper_close,1779779581.4612849,1779779584.470026,3.0087366104125977,ok
controller,pickplace_total,1779779540.3875492,1779779584.5115812,44.124030351638794,ok
controller,colorsensor_total,1779779584.511924,1779779584.9201622,0.40823817253112793,ok
sorter,move_to_home_initial,1779779584.9593384,1779779591.4865453,6.52720046043396,ok
sorter,gripper_open,1779779591.4871197,1779779594.4968805,3.009755849838257,ok
sorter,move_to_color_sensor,1779779594.4974947,1779779601.0267112,6.5292158126831055,ok
sorter,gripper_close,1779779601.0270395,1779779604.0305943,3.0035457611083984,ok
sorter,throwing_block,1779779604.0311675,1779779614.5703452,10.539171695709229,ok
sorter,gripper_close,1779779614.5709293,1779779617.5771966,3.0062623023986816,ok
sorter,move_to_home_final,1779779617.5777638,1779779626.6169786,9.039210557937622,ok
controller,sorter_total,1779779584.920951,1779779626.6805046,41.7595534324646,ok
pickplace,move_to_home_initial,1779779626.7284963,1779779633.2493222,6.520818710327148,ok
pickplace,conveyor_belt_running_until_object_detected,1779779633.2586565,1779779633.271604,0.012948274612426758,ok
pickplace,gripper_open,1779779633.2722838,1779779636.2795272,3.0072357654571533,ok
pickplace,move_to_pick,1779779636.2802224,1779779642.809766,6.529541015625,ok
pickplace,gripper_close,1779779642.810356,1779779645.819492,3.009134292602539,ok
pickplace,move_to_color_sensor,1779779645.8198228,1779779654.8497748,9.029943943023682,ok
pickplace,gripper_open,1779779654.8504179,1779779657.8593748,3.008951187133789,ok
pickplace,move_to_home_final,1779779657.859945,1779779666.8892965,9.029350757598877,ok
pickplace,gripper_close,1779779666.8896186,1779779669.8933914,3.003769636154175,ok
controller,pickplace_total,1779779626.6811938,1779779669.9527042,43.27151393890381,ok
controller,colorsensor_total,1779779669.9528282,1779779670.3470402,0.3942112922668457,ok
sorter,move_to_home_initial,1779779670.3796153,1779779676.9058251,6.526201009750366,ok
sorter,gripper_open,1779779676.906415,1779779679.9160237,3.009601593017578,ok
sorter,move_to_color_sensor,1779779679.9166136,1779779686.437231,6.5206122398376465,ok
sorter,gripper_close,1779779686.4378111,1779779689.4459763,3.00816011428833,ok
sorter,throwing_block,1779779689.4465988,1779779699.9856772,10.539073467254639,ok
sorter,gripper_close,1779779699.9862561,1779779702.9905112,3.0042476654052734,ok
sorter,move_to_home_final,1779779702.991089,1779779712.0257716,9.034676790237427,ok
controller,sorter_total,1779779670.347421,1779779712.0899844,41.7425594329834,ok
pickplace,move_to_home_initial,1779779712.1393108,1779779718.658937,6.519619703292847,ok
pickplace,conveyor_belt_running_until_object_detected,1779779718.668277,1779779719.1016958,0.43341708183288574,ok
pickplace,gripper_open,1779779719.1025836,1779779722.1089325,3.006343364715576,ok
pickplace,move_to_pick,1779779722.1095486,1779779728.639132,6.529577732086182,ok
pickplace,gripper_close,1779779728.639718,1779779731.6489365,3.009214162826538,ok
pickplace,move_to_color_sensor,1779779731.649598,1779779740.689083,9.039478778839111,ok
pickplace,gripper_open,1779779740.689707,1779779743.6987877,3.0090746879577637,ok
pickplace,move_to_home_final,1779779743.6993687,1779779752.7386656,9.039291143417358,ok
pickplace,gripper_close,1779779752.7392607,1779779755.748698,3.009431838989258,ok
controller,pickplace_total,1779779712.090636,1779779755.903119,43.81248116493225,ok
controller,colorsensor_total,1779779755.9034662,1779779756.3557365,0.4522683620452881,ok
sorter,move_to_home_initial,1779779756.4044921,1779779762.925161,6.520667314529419,ok
sorter,gripper_open,1779779762.9254935,1779779765.9289217,3.0034236907958984,ok
sorter,move_to_color_sensor,1779779765.9292767,1779779772.455697,6.526412725448608,ok
sorter,gripper_close,1779779772.4562716,1779779775.465357,3.009079933166504,ok
sorter,throwing_block,1779779775.4659173,1779779785.9988534,10.532930612564087,ok
sorter,gripper_close,1779779785.9994373,1779779789.005297,3.005854368209839,ok
sorter,move_to_home_final,1779779789.0058694,1779779798.0352352,9.029360294342041,ok
controller,sorter_total,1779779756.356616,1779779798.095301,41.738685131073,ok
pickplace,move_to_home_initial,1779779798.1359308,1779779804.6584206,6.522484540939331,ok
pickplace,conveyor_belt_running_until_object_detected,1779779804.668357,1779779805.420496,0.7521371841430664,ok
pickplace,gripper_open,1779779805.42186,1779779808.4289687,3.0071046352386475,ok
pickplace,move_to_pick,1779779808.429595,1779779814.9585855,6.528984069824219,ok
pickplace,gripper_close,1779779814.9591649,1779779817.9690263,3.009854555130005,ok
pickplace,move_to_color_sensor,1779779817.9696376,1779779827.0092092,9.03956651687622,ok
pickplace,gripper_open,1779779827.0098083,1779779830.018266,3.008450746536255,ok
pickplace,move_to_home_final,1779779830.018873,1779779839.0582435,9.039363384246826,ok
pickplace,gripper_close,1779779839.0588403,1779779842.0688946,3.010047674179077,ok
controller,pickplace_total,1779779798.0959933,1779779842.122877,44.02688431739807,ok
controller,colorsensor_total,1779779842.123274,1779779842.6264453,0.5031707286834717,ok
sorter,move_to_home_initial,1779779842.675693,1779779849.2049646,6.529267072677612,ok
sorter,gripper_open,1779779849.205613,1779779852.2146463,3.009026288986206,ok
sorter,move_to_color_sensor,1779779852.2152104,1779779858.7351458,6.519928932189941,ok
sorter,gripper_close,1779779858.7357173,1779779861.7455611,3.009838819503784,ok
sorter,move_to_conveyor,1779779861.7461472,1779779872.2941523,10.54800009727478,ok
sorter,gripper_close,1779779872.2947364,1779779875.2987266,3.003986358642578,ok
sorter,move_to_home_final,1779779875.299337,1779779884.334666,9.035324335098267,ok
controller,sorter_total,1779779842.627233,1779779884.398891,41.77165603637695,ok
pickplace,move_to_home_initial,1779779884.439565,1779779890.9681978,6.528627157211304,ok
pickplace,conveyor_belt_running_until_object_detected,1779779890.97739,1779779891.730471,0.7530820369720459,ok
pickplace,gripper_open,1779779891.731289,1779779894.7378728,3.006577730178833,ok
pickplace,move_to_pick,1779779894.738461,1779779901.258094,6.51962685585022,ok
pickplace,gripper_close,1779779901.258688,1779779904.2684636,3.0097692012786865,ok
pickplace,move_to_color_sensor,1779779904.2690372,1779779913.308683,9.039639234542847,ok
pickplace,gripper_open,1779779913.309324,1779779916.3177185,3.008390426635742,ok
pickplace,move_to_home_final,1779779916.3182867,1779779925.3482254,9.029931783676147,ok
pickplace,gripper_close,1779779925.3488066,1779779928.3576632,3.008849620819092,ok
controller,pickplace_total,1779779884.399577,1779779928.3999717,44.000393867492676,ok
controller,colorsensor_total,1779779928.4003773,1779779928.8283026,0.42792391777038574,ok
sorter,move_to_home_initial,1779779928.8745823,1779779935.3941524,6.5195605754852295,ok
sorter,gripper_open,1779779935.3947978,1779779938.4045577,3.0097527503967285,ok
sorter,move_to_color_sensor,1779779938.4051917,1779779944.9253175,6.520121335983276,ok
sorter,gripper_close,1779779944.9259017,1779779947.934359,3.008453369140625,ok
sorter,throwing_block,1779779947.9349391,1779779958.4681184,10.533173561096191,ok
sorter,gripper_close,1779779958.4686959,1779779961.474325,3.005624771118164,ok
sorter,move_to_home_final,1779779961.4748867,1779779970.5044124,9.029525518417358,ok
controller,sorter_total,1779779928.8291907,1779779970.7008336,41.87164783477783,ok
pickplace,move_to_home_initial,1779779970.741018,1779779977.26779,6.52676248550415,ok
pickplace,conveyor_belt_running_until_object_detected,1779779977.276861,1779779978.0271385,0.7502753734588623,ok
pickplace,gripper_open,1779779978.0280144,1779779981.0373166,3.009298324584961,ok
pickplace,move_to_pick,1779779981.0378804,1779779987.5576677,6.519781112670898,ok
pickplace,gripper_close,1779779987.558248,1779779990.5679867,3.009732723236084,ok
pickplace,move_to_color_sensor,1779779990.568552,1779779999.608213,9.039654016494751,ok
pickplace,gripper_open,1779779999.608793,1779780002.6172225,3.008423089981079,ok
pickplace,move_to_home_final,1779780002.6177964,1779780011.6477609,9.029963254928589,ok
pickplace,gripper_close,1779780011.6480966,1779780014.657013,3.0089075565338135,ok
controller,pickplace_total,1779779970.701069,1779780014.7183206,44.017247676849365,ok
controller,colorsensor_total,1779780014.7186651,1779780015.147297,0.4286317825317383,ok
sorter,move_to_home_initial,1779780015.1923873,1779780021.713696,6.521303653717041,ok
sorter,gripper_open,1779780021.7142773,1779780024.7182708,3.0039870738983154,ok
sorter,move_to_color_sensor,1779780024.7188344,1779780031.2449741,6.52613377571106,ok
sorter,gripper_close,1779780031.2456107,1779780034.2539248,3.0083096027374268,ok
sorter,throwing_block,1779780034.2544777,1779780044.793259,10.538775205612183,ok
sorter,gripper_close,1779780044.7938352,1779780047.7978828,3.0040411949157715,ok
sorter,move_to_home_final,1779780047.7984612,1779780056.8337831,9.035318613052368,ok
controller,sorter_total,1779780015.1481435,1779780056.8818848,41.73374080657959,ok
pickplace,move_to_home_initial,1779780056.9163203,1779780063.4366462,6.520320892333984,ok
pickplace,conveyor_belt_running_until_object_detected,1779780063.4458854,1779780064.1960697,0.750180721282959,ok
pickplace,gripper_open,1779780064.1969025,1779780067.2011893,3.0042803287506104,ok
pickplace,move_to_pick,1779780067.2017648,1779780073.727241,6.525470733642578,ok
pickplace,gripper_close,1779780073.7278216,1779780076.7370148,3.0091867446899414,ok
pickplace,move_to_color_sensor,1779780076.7376351,1779780085.7771683,9.039526462554932,ok
pickplace,gripper_open,1779780085.7777474,1779780088.7868783,3.0091257095336914,ok
pickplace,move_to_home_final,1779780088.7874043,1779780097.8168008,9.029389381408691,ok
pickplace,gripper_close,1779780097.817431,1779780100.8267972,3.0093610286712646,ok
controller,pickplace_total,1779780056.8825448,1779780100.8721476,43.98960041999817,ok
controller,colorsensor_total,1779780100.872601,1779780101.311387,0.43878793716430664,ok
sorter,move_to_home_initial,1779780101.346128,1779780107.8731081,6.526973247528076,ok
sorter,gripper_open,1779780107.873721,1779780110.8776598,3.003932476043701,ok
sorter,move_to_color_sensor,1779780110.8782458,1779780117.403811,6.525561809539795,ok
sorter,gripper_close,1779780117.4043975,1779780120.41359,3.0091872215270996,ok
sorter,move_to_conveyor,1779780120.4141774,1779780130.9467833,10.53260588645935,ok
sorter,gripper_close,1779780130.947119,1779780133.9532251,3.006096363067627,ok
sorter,move_to_home_final,1779780133.9538112,1779780142.9833748,9.029560327529907,ok
controller,sorter_total,1779780101.3125277,1779780143.0448542,41.73232579231262,ok
pickplace,move_to_home_initial,1779780143.0834951,1779780149.6065164,6.5230162143707275,ok
pickplace,conveyor_belt_running_until_object_detected,1779780149.61582,1779780151.6256707,2.0098483562469482,ok
pickplace,gripper_open,1779780151.626514,1779780154.6308224,3.004302978515625,ok
pickplace,move_to_pick,1779780154.6314118,1779780161.156731,6.525313138961792,ok
pickplace,gripper_close,1779780161.1573713,1779780164.166559,3.009183883666992,ok
pickplace,move_to_color_sensor,1779780164.1671286,1779780173.206738,9.039602518081665,ok
pickplace,gripper_open,1779780173.207344,1779780176.2165155,3.009165048599243,ok
pickplace,move_to_home_final,1779780176.2170982,1779780185.2566886,9.039584398269653,ok
pickplace,gripper_close,1779780185.2574103,1779780188.2663841,3.0089681148529053,ok
controller,pickplace_total,1779780143.0455372,1779780188.3386912,45.29315233230591,ok
controller,colorsensor_total,1779780188.3390582,1779780188.7607687,0.4217104911804199,ok
sorter,move_to_home_initial,1779780188.826277,1779780195.3527644,6.5264811515808105,ok
sorter,gripper_open,1779780195.3533773,1779780198.3573499,3.0039660930633545,ok
sorter,move_to_color_sensor,1779780198.357916,1779780204.8833754,6.525454998016357,ok
sorter,gripper_close,1779780204.8839474,1779780207.8930848,3.0091323852539062,ok
sorter,throwing_block,1779780207.8936944,1779780218.4272833,10.533583641052246,ok
sorter,gripper_close,1779780218.427842,1779780221.433045,3.005197286605835,ok
sorter,move_to_home_final,1779780221.433654,1779780230.462518,9.028858661651611,ok
controller,sorter_total,1779780188.7616415,1779780230.5218124,41.76016974449158,ok
pickplace,move_to_home_initial,1779780230.5819962,1779780237.1059306,6.523927211761475,ok
pickplace,conveyor_belt_running_until_object_detected,1779780237.1160476,1779780237.9759736,0.8599247932434082,ok
pickplace,gripper_open,1779780237.9768167,1779780240.9861183,3.009294271469116,ok
pickplace,move_to_pick,1779780240.9866974,1779780247.5064962,6.519792318344116,ok
pickplace,gripper_close,1779780247.5070722,1779780250.5167444,3.009669542312622,ok
pickplace,move_to_color_sensor,1779780250.9014487,1779780259.9370391,9.035586833953857,ok
pickplace,gripper_open,1779780259.9376824,1779780262.946074,3.0083870887756348,ok
pickplace,move_to_home_final,1779780262.9599552,1779780271.9964402,9.036479949951172,ok
pickplace,gripper_close,1779780271.997038,1779780275.0060816,3.009037733078003,ok
controller,pickplace_total,1779780230.5224338,1779780275.0621982,44.539764165878296,ok
controller,colorsensor_total,1779780275.0625362,1779780275.4702563,0.4077174663543701,ok
sorter,move_to_home_initial,1779780275.5255167,1779780282.0532477,6.527726650238037,ok
sorter,gripper_open,1779780282.0538547,1779780285.0627863,3.0089240074157715,ok
sorter,move_to_color_sensor,1779780285.0633776,1779780291.5830965,6.519714117050171,ok
sorter,gripper_close,1779780291.5836914,1779780294.5934706,3.009777545928955,ok
sorter,move_to_conveyor,1779780294.5938008,1779780305.1264083,10.53259825706482,ok
sorter,gripper_close,1779780305.1270263,1779780308.1333745,3.006342887878418,ok
sorter,move_to_home_final,1779780308.1339595,1779780317.1732936,9.039327621459961,ok
controller,sorter_total,1779780275.4721293,1779780317.2423918,41.770265340805054,ok
pickplace,move_to_home_initial,1779780317.2834342,1779780323.8058372,6.522395610809326,ok
pickplace,conveyor_belt_running_until_object_detected,1779780323.8158016,1779780325.0956292,1.2798266410827637,ok
pickplace,gripper_open,1779780325.0966601,1779780328.1058085,3.009143352508545,ok
pickplace,move_to_pick,1779780328.1063693,1779780334.6260698,6.519696235656738,ok
pickplace,gripper_close,1779780334.626644,1779780337.6364512,3.0098025798797607,ok
pickplace,move_to_color_sensor,1779780337.637028,1779780346.676646,9.03961706161499,ok
pickplace,gripper_open,1779780346.6770124,1779780349.6854975,3.008477210998535,ok
pickplace,move_to_home_final,1779780349.6860514,1779780358.7162697,9.030214309692383,ok
pickplace,gripper_close,1779780358.71683,1779780361.7257056,3.0088706016540527,ok
controller,pickplace_total,1779780317.2429483,1779780361.7823586,44.53941011428833,ok
controller,colorsensor_total,1779780361.782625,1779780362.190824,0.40819764137268066,ok
sorter,move_to_home_initial,1779780362.2276793,1779780368.7530007,6.525314807891846,ok
sorter,gripper_open,1779780368.7536309,1779780371.762438,3.0088047981262207,ok
sorter,move_to_color_sensor,1779780371.7627547,1779780378.2826543,6.519890308380127,ok
sorter,gripper_close,1779780378.28325,1779780381.2931814,3.009927272796631,ok
sorter,move_to_conveyor,1779780381.29382,1779780391.8418238,10.54799771308899,ok
sorter,gripper_close,1779780391.8423932,1779780394.8463807,3.003981351852417,ok
sorter,move_to_home_final,1779780394.8469577,1779780403.8823752,9.035412311553955,ok
controller,sorter_total,1779780362.191986,1779780403.9298103,41.73782277107239,ok
pickplace,move_to_home_initial,1779780403.9692106,1779780410.4961386,6.526921272277832,ok
pickplace,conveyor_belt_running_until_object_detected,1779780410.505031,1779780414.195297,3.690263032913208,ok
pickplace,gripper_open,1779780414.1961458,1779780417.2054381,3.009291410446167,ok
pickplace,move_to_pick,1779780417.2057605,1779780423.7255874,6.519818544387817,ok
pickplace,gripper_close,1779780423.7261717,1779780426.736155,3.009977340698242,ok
pickplace,move_to_color_sensor,1779780426.7367985,1779780435.7766697,9.039865732192993,ok
pickplace,gripper_open,1779780435.7772918,1779780438.785485,3.0081865787506104,ok
pickplace,move_to_home_final,1779780438.7860663,1779780447.825414,9.039343118667603,ok
pickplace,gripper_close,1779780447.8259895,1779780450.8354034,3.0094072818756104,ok
controller,pickplace_total,1779780403.930514,1779780450.8929234,46.96240758895874,ok
controller,colorsensor_total,1779780450.8933403,1779780451.3034604,0.41012024879455566,ok
sorter,move_to_home_initial,1779780451.3462267,1779780457.8722847,6.526050090789795,ok
sorter,gripper_open,1779780457.8728771,1779780460.8815567,3.008674144744873,ok
sorter,move_to_color_sensor,1779780460.8821404,1779780467.4014292,6.519283294677734,ok
sorter,gripper_close,1779780467.4020123,1779780470.4115152,3.0094971656799316,ok
sorter,move_to_conveyor,1779780470.4120848,1779780480.9597673,10.547675132751465,ok
sorter,gripper_close,1779780480.9603333,1779780483.9695637,3.0092227458953857,ok
sorter,move_to_home_final,1779780483.970144,1779780492.9990253,9.028881549835205,ok
controller,sorter_total,1779780451.3042426,1779780493.052237,41.74799680709839,ok
pickplace,move_to_home_initial,1779780493.102598,1779780499.6217835,6.519177198410034,ok
pickplace,conveyor_belt_running_until_object_detected,1779780499.6310427,1779780500.3835151,0.7524702548980713,ok
pickplace,gripper_open,1779780500.3843527,1779780503.391469,3.0071091651916504,ok
pickplace,move_to_pick,1779780503.3920727,1779780509.9213305,6.529251575469971,ok
pickplace,gripper_close,1779780509.9219463,1779780512.9308224,3.008868932723999,ok
pickplace,move_to_color_sensor,1779780512.9313977,1779780521.9704256,9.039021253585815,ok
pickplace,gripper_open,1779780521.9709477,1779780524.979874,3.008918285369873,ok
pickplace,move_to_home_final,1779780524.980471,1779780534.0193205,9.038842916488647,ok
pickplace,gripper_close,1779780534.019918,1779780537.029025,3.0091018676757812,ok
controller,pickplace_total,1779780493.052658,1779780537.1041136,44.051451444625854,ok
controller,colorsensor_total,1779780537.1045678,1779780538.8829703,1.7784066200256348,ok
sorter,move_to_home_initial,1779780538.9518387,1779780545.4749556,6.523107290267944,ok
sorter,gripper_open,1779780545.475598,1779780548.484613,3.0090081691741943,ok
sorter,move_to_color_sensor,1779780548.4852428,1779780555.0049212,6.519671678543091,ok
sorter,gripper_close,1779780555.0056508,1779780558.0143774,3.0087220668792725,ok
sorter,throwing_block,1779780558.0149543,1779780568.5470579,10.532102823257446,ok
sorter,gripper_close,1779780568.5473924,1779780571.5532353,3.005837917327881,ok
sorter,move_to_home_final,1779780571.553557,1779780580.5827737,9.029207706451416,ok
controller,sorter_total,1779780538.8833933,1779780580.637989,41.754592180252075,ok
pickplace,move_to_home_initial,1779780580.6737528,1779780587.1957195,6.52195930480957,ok
pickplace,conveyor_belt_running_until_object_detected,1779780587.204849,1779780588.2746882,1.0698363780975342,ok
pickplace,gripper_open,1779780588.275607,1779780591.2849653,3.0093514919281006,ok
pickplace,move_to_pick,1779780591.2855773,1779780597.8155565,6.529972076416016,ok
pickplace,gripper_close,1779780597.8161469,1779780600.8246577,3.0085067749023438,ok
pickplace,move_to_color_sensor,1779780600.825287,1779780609.864421,9.039127826690674,ok
pickplace,gripper_open,1779780609.8650057,1779780612.874476,3.009467840194702,ok
pickplace,move_to_home_final,1779780612.8747983,1779780621.9139252,9.039117574691772,ok
pickplace,gripper_close,1779780621.9145167,1779780624.9231305,3.0086073875427246,ok
controller,pickplace_total,1779780580.6385596,1779780625.0926993,44.454137563705444,ok
controller,colorsensor_total,1779780625.0930922,1779780625.6639585,0.5708661079406738,ok
sorter,move_to_home_initial,1779780625.7076836,1779780632.2295053,6.521813869476318,ok
sorter,gripper_open,1779780632.2300928,1779780635.2391827,3.009082555770874,ok
sorter,move_to_color_sensor,1779780635.2397738,1779780641.7593763,6.519598484039307,ok
sorter,gripper_close,1779780641.7599566,1779780644.7694585,3.0094962120056152,ok
sorter,throwing_block,1779780644.7700431,1779780655.3087335,10.538683652877808,ok
sorter,gripper_close,1779780655.3093643,1779780658.318625,3.0092530250549316,ok
sorter,move_to_home_final,1779780658.319223,1779780667.3585553,9.039325475692749,ok
controller,sorter_total,1779780625.6647546,1779780667.4216754,41.756919622421265,ok
pickplace,move_to_home_initial,1779780667.4659176,1779780673.9906032,6.524680137634277,ok
pickplace,conveyor_belt_running_until_object_detected,1779780673.9995582,1779780674.8590987,0.8595387935638428,ok
pickplace,gripper_open,1779780674.8599699,1779780677.8642037,3.004229784011841,ok
pickplace,move_to_pick,1779780677.8647592,1779780684.3906016,6.525837421417236,ok
pickplace,gripper_close,1779780684.3911223,1779780687.3994126,3.0082831382751465,ok
pickplace,move_to_color_sensor,1779780687.3999925,1779780696.439249,9.039251327514648,ok
pickplace,gripper_open,1779780696.439824,1779780699.4494402,3.009610176086426,ok
pickplace,move_to_home_final,1779780699.4500313,1779780708.4888873,9.038851022720337,ok
pickplace,gripper_close,1779780708.4894567,1779780711.498074,3.008610486984253,ok
controller,pickplace_total,1779780667.4224334,1779780711.5775092,44.155073404312134,ok
controller,colorsensor_total,1779780711.5780146,1779780712.0129147,0.4349019527435303,ok
sorter,move_to_home_initial,1779780712.0558681,1779780718.575587,6.519718170166016,ok
sorter,gripper_open,1779780718.5759153,1779780721.5793164,3.003396511077881,ok
sorter,move_to_color_sensor,1779780721.5796273,1779780728.1059902,6.526355504989624,ok
sorter,gripper_close,1779780728.1065183,1779780731.1148536,3.008329153060913,ok
sorter,throwing_block,1779780731.1154366,1779780741.6537511,10.538307905197144,ok
sorter,gripper_close,1779780741.6543503,1779780744.6582372,3.003880500793457,ok
sorter,move_to_home_final,1779780744.6588085,1779780753.6937954,9.034980297088623,ok
controller,sorter_total,1779780712.013682,1779780753.76353,41.749847173690796,ok
pickplace,move_to_home_initial,1779780753.811725,1779780760.3356318,6.523900032043457,ok
pickplace,conveyor_belt_running_until_object_detected,1779780760.34566,1779780761.3080301,0.962371826171875,ok
pickplace,gripper_open,1779780761.3088684,1779780764.3152757,3.006404161453247,ok
pickplace,move_to_pick,1779780764.3156247,1779780770.8351648,6.519532680511475,ok
pickplace,gripper_close,1779780770.8357449,1779780773.8455951,3.009845733642578,ok
pickplace,move_to_color_sensor,1779780773.8461657,1779780782.8852105,9.039040565490723,ok
pickplace,gripper_open,1779780782.8857946,1779780785.8942747,3.008476495742798,ok
pickplace,move_to_home_final,1779780785.8948371,1779780794.9338934,9.039051294326782,ok
pickplace,gripper_close,1779780794.9344847,1779780797.944241,3.0097548961639404,ok
controller,pickplace_total,1779780753.764898,1779780798.0116365,44.2467405796051,ok
controller,colorsensor_total,1779780798.0118036,1779780798.4467163,0.43491363525390625,ok
sorter,move_to_home_initial,1779780798.4985268,1779780805.0217493,6.523217439651489,ok
sorter,gripper_open,1779780805.0220952,1779780808.0307884,3.008687973022461,ok
sorter,move_to_color_sensor,1779780808.03111,1779780814.5511293,6.52001428604126,ok
sorter,gripper_close,1779780814.5515063,1779780817.5609744,3.009465456008911,ok
sorter,throwing_block,1779780817.5613298,1779780828.0938745,10.532535552978516,ok
sorter,gripper_close,1779780828.0944564,1779780831.1007223,3.006258964538574,ok
sorter,move_to_home_final,1779780831.1013663,1779780840.1401606,9.03878927230835,ok
controller,sorter_total,1779780798.447127,1779780840.178481,41.731351375579834,ok
pickplace,move_to_home_initial,1779780840.2508109,1779780846.7712686,6.520452499389648,ok
pickplace,conveyor_belt_running_until_object_detected,1779780846.780478,1779780847.7405598,0.9600784778594971,ok
pickplace,gripper_open,1779780847.7426305,1779780850.7512662,3.0086309909820557,ok
pickplace,move_to_pick,1779780850.751825,1779780857.281309,6.529479026794434,ok
pickplace,gripper_close,1779780857.2818937,1779780860.2909596,3.0090606212615967,ok
pickplace,move_to_color_sensor,1779780860.2915385,1779780869.3308535,9.039312839508057,ok
pickplace,gripper_open,1779780869.331192,1779780872.3400683,3.0088727474212646,ok
pickplace,move_to_home_final,1779780872.3403957,1779780881.369993,9.029590606689453,ok
pickplace,gripper_close,1779780881.3705854,1779780884.379894,3.009303331375122,ok
controller,pickplace_total,1779780840.1790452,1779780884.4533565,44.27430963516235,ok
controller,colorsensor_total,1779780884.4537134,1779780884.8701172,0.41640281677246094,ok
sorter,move_to_home_initial,1779780884.9150214,1779780891.4379363,6.522907733917236,ok
sorter,gripper_open,1779780891.4385207,1779780894.447264,3.0087382793426514,ok
sorter,move_to_color_sensor,1779780894.447847,1779780900.9673116,6.519462585449219,ok
sorter,gripper_close,1779780900.9676716,1779780903.9770665,3.009390115737915,ok
sorter,move_to_conveyor,1779780903.9774375,1779780914.5100179,10.532571077346802,ok
sorter,gripper_close,1779780914.5106022,1779780917.5171733,3.0065619945526123,ok
sorter,move_to_home_final,1779780917.517767,1779780926.5559783,9.03820538520813,ok
controller,sorter_total,1779780884.8716981,1779780926.6181784,41.746479511260986,ok
pickplace,move_to_home_initial,1779780926.6621985,1779780933.1878815,6.525677442550659,ok
pickplace,conveyor_belt_running_until_object_detected,1779780933.1972184,1779780934.2604058,1.0631844997406006,ok
pickplace,gripper_open,1779780934.2613144,1779780937.2676837,3.0063631534576416,ok
pickplace,move_to_pick,1779780937.2682657,1779780943.79773,6.529460191726685,ok
pickplace,gripper_close,1779780943.7983074,1779780946.8073273,3.0090172290802,ok
pickplace,move_to_color_sensor,1779780946.8076713,1779780955.837456,9.02977466583252,ok
pickplace,gripper_open,1779780955.8380344,1779780958.846886,3.0088441371917725,ok
pickplace,move_to_home_final,1779780958.8474813,1779780967.8865461,9.03905725479126,ok
pickplace,gripper_close,1779780967.8871396,1779780970.896466,3.0093212127685547,ok
controller,pickplace_total,1779780926.6187184,1779780970.949258,44.33053779602051,ok
controller,colorsensor_total,1779780970.9496737,1779780971.3660264,0.4163529872894287,ok
sorter,move_to_home_initial,1779780971.4005027,1779780977.9238544,6.523344039916992,ok
sorter,gripper_open,1779780977.9244401,1779780980.933561,3.0091140270233154,ok
sorter,move_to_color_sensor,1779780980.9341338,1779780987.4539874,6.519848585128784,ok
sorter,gripper_close,1779780987.4545662,1779780990.46369,3.00911808013916,ok
sorter,throwing_block,1779780990.4642668,1779781000.9969666,10.532695531845093,ok
sorter,gripper_close,1779781000.9975932,1779781004.0031352,3.0055365562438965,ok
sorter,move_to_home_final,1779781004.0036979,1779781013.0328107,9.02910566329956,ok
controller,sorter_total,1779780971.3668523,1779781013.0934339,41.72658014297485,ok
pickplace,move_to_home_initial,1779781013.136423,1779781019.6653402,6.52890944480896,ok
pickplace,conveyor_belt_running_until_object_detected,1779781019.6741264,1779781020.4243414,0.7502133846282959,ok
pickplace,gripper_open,1779781020.425227,1779781023.4346175,3.0093841552734375,ok
pickplace,move_to_pick,1779781023.4352067,1779781029.9653113,6.530097484588623,ok
pickplace,gripper_close,1779781029.9659011,1779781032.9743152,3.008408546447754,ok
pickplace,move_to_color_sensor,1779781032.9748852,1779781042.0142694,9.039377689361572,ok
pickplace,gripper_open,1779781042.0149062,1779781045.024543,3.0096304416656494,ok
pickplace,move_to_home_final,1779781045.0252612,1779781054.0641844,9.038917779922485,ok
pickplace,gripper_close,1779781054.0647793,1779781057.0735312,3.008744478225708,ok
controller,pickplace_total,1779781013.0941074,1779781057.121526,44.027416467666626,ok
controller,colorsensor_total,1779781057.1219058,1779781057.543581,0.4216756820678711,ok
sorter,move_to_home_initial,1779781057.5851808,1779781064.1108618,6.52567458152771,ok
sorter,gripper_open,1779781064.111441,1779781067.1210682,3.009619951248169,ok
sorter,move_to_color_sensor,1779781067.1216924,1779781073.6413963,6.519699573516846,ok
sorter,gripper_close,1779781073.641983,1779781076.6507916,3.008803367614746,ok
sorter,throwing_block,1779781076.6514072,1779781087.194098,10.542686223983765,ok
sorter,gripper_close,1779781087.1946526,1779781090.200962,3.0063037872314453,ok
sorter,move_to_home_final,1779781090.2015915,1779781099.2405095,9.038912773132324,ok
controller,sorter_total,1779781057.5440617,1779781099.2948427,41.75077939033508,ok
pickplace,move_to_home_initial,1779781099.5281768,1779781106.0519097,6.5237274169921875,ok
pickplace,conveyor_belt_running_until_object_detected,1779781106.0618734,1779781107.1308644,1.0689902305603027,ok
pickplace,gripper_open,1779781107.1316295,1779781110.1358333,3.004197359085083,ok
pickplace,move_to_pick,1779781110.1363978,1779781116.6624913,6.526087760925293,ok
pickplace,gripper_close,1779781116.6630745,1779781119.6715126,3.008432626724243,ok
pickplace,move_to_color_sensor,1779781119.6721454,1779781128.7115083,9.039358615875244,ok
pickplace,gripper_open,1779781128.7120962,1779781131.7217805,3.009678840637207,ok
pickplace,move_to_home_final,1779781131.722355,1779781140.7614648,9.039104700088501,ok
pickplace,gripper_close,1779781140.762053,1779781143.7708273,3.008768081665039,ok
controller,pickplace_total,1779781099.2953868,1779781143.8060668,44.51067900657654,ok
controller,colorsensor_total,1779781143.8067024,1779781144.209279,0.4025759696960449,ok
sorter,move_to_home_initial,1779781144.2395291,1779781150.7588174,6.519282102584839,ok
sorter,gripper_open,1779781150.759407,1779781153.768605,3.0091910362243652,ok
sorter,move_to_color_sensor,1779781153.7692535,1779781160.2990546,6.52979588508606,ok
sorter,gripper_close,1779781160.299641,1779781163.3081264,3.008478879928589,ok
sorter,move_to_conveyor,1779781163.3087144,1779781173.8418832,10.533161878585815,ok
sorter,gripper_close,1779781173.8424594,1779781176.8477285,3.005263328552246,ok
sorter,move_to_home_final,1779781176.8483093,1779781185.877984,9.029667615890503,ok
controller,sorter_total,1779781144.2100618,1779781186.1369247,41.92686176300049,ok
pickplace,move_to_home_initial,1779781186.2135634,1779781192.739694,6.5261290073394775,ok
pickplace,conveyor_belt_running_until_object_detected,1779781192.748486,1779781194.862061,2.113569736480713,ok
pickplace,gripper_open,1779781194.8629413,1779781197.8692248,3.0062761306762695,ok
pickplace,move_to_pick,1779781197.869805,1779781204.4000142,6.530203104019165,ok
pickplace,gripper_close,1779781204.4005783,1779781207.408987,3.008404493331909,ok
pickplace,move_to_color_sensor,1779781207.4095562,1779781216.4490576,9.039495706558228,ok
pickplace,gripper_open,1779781216.4496627,1779781219.4593143,3.0096473693847656,ok
pickplace,move_to_home_final,1779781219.4598827,1779781228.4992332,9.039344787597656,ok
pickplace,gripper_close,1779781228.4998214,1779781231.5083244,3.008497953414917,ok
controller,pickplace_total,1779781186.1377552,1779781231.5697165,45.43195939064026,ok
controller,colorsensor_total,1779781231.5701432,1779781231.986842,0.41669726371765137,ok
sorter,move_to_home_initial,1779781232.0471663,1779781238.5764785,6.529305696487427,ok
sorter,gripper_open,1779781238.5771098,1779781241.5859919,3.008875608444214,ok
sorter,move_to_color_sensor,1779781241.586563,1779781248.1060114,6.519442796707153,ok
sorter,gripper_close,1779781248.1065881,1779781251.1163151,3.0097227096557617,ok
sorter,throwing_block,1779781251.1168926,1779781261.6648395,10.54794192314148,ok
sorter,gripper_close,1779781261.66549,1779781264.6695237,3.004028797149658,ok
sorter,move_to_home_final,1779781264.6701117,1779781273.705111,9.034993886947632,ok
controller,sorter_total,1779781231.987699,1779781273.7703462,41.78264856338501,ok
pickplace,move_to_home_initial,1779781273.8249688,1779781280.347021,6.522045373916626,ok
pickplace,conveyor_belt_running_until_object_detected,1779781280.3563929,1779781281.736039,1.379643201828003,ok
pickplace,gripper_open,1779781281.7369275,1779781284.741186,3.0042519569396973,ok
pickplace,move_to_pick,1779781284.7417626,1779781291.267023,6.525254487991333,ok
pickplace,gripper_close,1779781291.2676013,1779781294.276711,3.0091028213500977,ok
pickplace,move_to_color_sensor,1779781294.2773325,1779781303.3167567,9.039417505264282,ok
pickplace,gripper_open,1779781303.3174207,1779781306.3263645,3.008937358856201,ok
pickplace,move_to_home_final,1779781306.3269467,1779781315.3659172,9.038964033126831,ok
pickplace,gripper_close,1779781315.3664978,1779781318.3759835,3.009479284286499,ok
controller,pickplace_total,1779781273.7709866,1779781318.4395635,44.66857647895813,ok
controller,colorsensor_total,1779781318.4400296,1779781318.9038138,0.46378493309020996,ok
sorter,move_to_home_initial,1779781318.953737,1779781325.473788,6.520043849945068,ok
sorter,gripper_open,1779781325.4743788,1779781328.4834518,3.0090677738189697,ok
sorter,move_to_color_sensor,1779781328.4840336,1779781335.0038617,6.519822597503662,ok
sorter,gripper_close,1779781335.0044403,1779781338.0135138,3.009068012237549,ok
sorter,move_to_conveyor,1779781338.0140977,1779781348.5469646,10.532861471176147,ok
sorter,gripper_close,1779781348.5475507,1779781351.5532005,3.005643606185913,ok
sorter,move_to_home_final,1779781351.5537908,1779781360.5826972,9.028906106948853,ok
controller,sorter_total,1779781318.9047117,1779781360.6352248,41.73051643371582,ok
pickplace,move_to_home_initial,1779781360.6848674,1779781367.2050123,6.520136117935181,ok
pickplace,conveyor_belt_running_until_object_detected,1779781367.2143412,1779781368.2768784,1.0625331401824951,ok
pickplace,gripper_open,1779781368.5927,1779781371.5969095,3.0042035579681396,ok
pickplace,move_to_pick,1779781371.5975401,1779781378.1249413,6.527397632598877,ok
pickplace,gripper_close,1779781378.1255689,1779781381.134646,3.0090715885162354,ok
pickplace,move_to_color_sensor,1779781381.1352336,1779781390.174707,9.039466857910156,ok
pickplace,gripper_open,1779781390.1753054,1779781393.1843765,3.009065628051758,ok
pickplace,move_to_home_final,1779781393.1849542,1779781402.2244358,9.039476871490479,ok
pickplace,gripper_close,1779781402.2250106,1779781405.2341208,3.0091044902801514,ok
controller,pickplace_total,1779781360.6354258,1779781405.3028734,44.66744303703308,ok
controller,colorsensor_total,1779781405.303261,1779781405.7305877,0.42732691764831543,ok
sorter,move_to_home_initial,1779781405.7660503,1779781412.2914581,6.5253989696502686,ok
sorter,gripper_open,1779781412.292028,1779781415.2960057,3.0039710998535156,ok
sorter,move_to_color_sensor,1779781415.296607,1779781421.8219042,6.525292158126831,ok
sorter,gripper_close,1779781421.8224845,1779781424.8315058,3.0090174674987793,ok
sorter,throwing_block,1779781424.8320863,1779781435.3649826,10.53289246559143,ok
sorter,gripper_close,1779781435.3655925,1779781438.3712366,3.005638599395752,ok
sorter,move_to_home_final,1779781438.3718498,1779781447.4009118,9.029061794281006,ok
controller,sorter_total,1779781405.731312,1779781447.4489,41.71759009361267,ok
pickplace,move_to_home_initial,1779781447.489507,1779781454.0127838,6.523267984390259,ok
pickplace,conveyor_belt_running_until_object_detected,1779781454.0227804,1779781482.7347846,28.71199607849121,error
